zip_code,longitude,latitude
90001,-118.2479,33.9731
90002,-118.2462,33.9497
90003,-118.2727,33.9653
90004,-118.3029,34.0762
90005,-118.3012,34.0585
90006,-118.2917,34.0493
90007,-118.2871,34.0294
90008,-118.3411,34.0116
90009,-118.2987,33.7866
90010,-118.3027,34.0606
90011,-118.2582,34.0079
90012,-118.2385,34.0614
90013,-118.2434,34.0448
90014,-118.2509,34.0443
90015,-118.2716,34.0434
90016,-118.3528,34.0298
90017,-118.2666,34.0559
90018,-118.3152,34.029
90019,-118.3343,34.0482
90020,-118.3022,34.0665
90021,-118.2447,34.0333
90022,-118.1561,34.0245
90023,-118.1975,34.0245
90024,-118.4408,34.0637
90025,-118.4487,34.0447
90026,-118.2646,34.0766
90027,-118.2925,34.104
90028,-118.3254,34.1005
90029,-118.2944,34.09
90030,-118.2987,33.7866
90031,-118.2113,34.0783
90032,-118.1753,34.0818
90033,-118.2084,34.0487
90034,-118.4005,34.029
90035,-118.3806,34.0531
90036,-118.3492,34.0699
90037,-118.2863,34.003
90038,-118.3215,34.0898
90039,-118.2594,34.1121
90040,-118.1532,33.9909
90041,-118.2082,34.1339
90042,-118.1929,34.1145
90043,-118.3321,33.9871
90044,-118.2901,33.9551
90045,-118.3941,33.9631
90046,-118.3652,34.1074
90047,-118.3073,33.9569
90048,-118.372,34.0737
90049,-118.474,34.066
90050,-118.2987,33.7866
90051,-118.2987,33.7866
90052,-118.2987,33.7866
90053,-118.2987,33.7866
90054,-118.2987,33.7866
90055,-118.2987,33.7866
90056,-118.3707,33.9853
90057,-118.2763,34.0622
90058,-118.2133,33.9994
90059,-118.2463,33.9293
90060,-118.2987,33.7866
90061,-118.2716,33.9245
90062,-118.3073,34.0032
90063,-118.1859,34.0451
90064,-118.4259,34.0353
90065,-118.2266,34.1073
90066,-118.4298,34.003
90067,-118.4095,34.0551
90068,-118.3305,34.1156
90069,-118.3788,34.0906
90070,-118.2987,33.7866
90071,-118.2549,34.0529
90072,-118.2987,33.7866
90073,-118.2987,33.7866
90074,-118.2987,33.7866
90075,-118.2987,33.7866
90076,-118.2987,33.7866
90077,-118.4502,34.1112
90078,-118.2987,33.7866
90079,-118.2987,33.7866
90080,-118.2987,33.7866
90081,-118.2987,33.7866
90082,-118.2987,33.7866
90083,-118.2987,33.7866
90084,-118.2987,33.7866
90086,-118.2987,33.7866
90087,-118.2987,33.7866
90088,-118.2987,33.7866
90089,-118.2987,33.7866
90091,-118.2987,33.7866
90093,-118.2987,33.7866
90094,-118.417,33.9754
90095,-118.2987,33.7866
90096,-118.2987,33.7866
90099,-118.2987,33.7866
90189,-118.2559,34.0515
90201,-118.1689,33.9767
90202,-118.2987,33.7866
90209,-118.2987,33.7866
90210,-118.4065,34.0901
90211,-118.383,34.0652
90212,-118.3995,34.0619
90213,-118.2987,33.7866
90220,-118.2402,33.8748
90221,-118.2168,33.8796
90222,-118.2357,33.9099
90223,-118.2987,33.7866
90224,-118.2987,33.7866
90230,-118.3991,33.9949
90231,-118.2987,33.7866
90232,-118.3973,34.0168
90239,-118.2987,33.7866
90240,-118.1174,33.9581
90241,-118.1306,33.9416
90242,-118.1395,33.9218
90245,-118.4119,33.9243
90247,-118.2961,33.8925
90248,-118.2835,33.8766
90249,-118.3199,33.8998
90250,-118.3493,33.9143
90251,-118.2987,33.7866
90254,-118.3955,33.8643
90255,-118.2161,33.9769
90260,-118.351,33.8879
90261,-118.2987,33.7866
90262,-118.2013,33.9241
90263,-118.2987,33.7866
90264,-118.2987,33.7866
90265,-118.7351,34.0402
90266,-118.3996,33.8896
90267,-118.2987,33.7866
90270,-118.1877,33.989
90272,-118.5422,34.0787
90274,-118.2987,33.7866
90275,-118.367,33.7515
90277,-118.3832,33.8307
90278,-118.3715,33.8707
90280,-118.2013,33.9462
90290,-118.6023,34.1076
90291,-118.4635,33.9938
90292,-118.4525,33.9779
90293,-118.4373,33.9577
90294,-118.2987,33.7866
90295,-118.2987,33.7866
90296,-118.2987,33.7866
90301,-118.3556,33.955
90302,-118.3548,33.9745
90303,-118.3321,33.9377
90304,-118.3586,33.9379
90305,-118.3258,33.9583
90306,-118.2987,33.7866
90307,-118.2987,33.7866
90308,-118.2987,33.7866
90309,-118.2987,33.7866
90310,-118.2987,33.7866
90311,-118.2987,33.7866
90312,-118.2987,33.7866
90401,-118.4907,34.0176
90402,-118.503,34.0349
90403,-118.4924,34.0287
90404,-118.4733,34.0268
90405,-118.4717,34.01
90406,-118.2987,33.7866
90407,-118.2987,33.7866
90408,-118.2987,33.7866
90409,-118.2987,33.7866
90410,-118.2987,33.7866
90411,-118.2987,33.7866
90501,-118.3118,33.8268
90502,-118.292,33.8286
90503,-118.3542,33.8397
90504,-118.3295,33.8708
90505,-118.3507,33.8106
90506,-118.2987,33.7866
90507,-118.2987,33.7866
90508,-118.2987,33.7866
90509,-118.2987,33.7866
90510,-118.2987,33.7866
90601,-118.0371,34.0011
90602,-118.0337,33.9693
90603,-117.9927,33.9432
90604,-118.0121,33.9299
90605,-118.0356,33.9413
90606,-118.0658,33.9777
90607,-118.2987,33.7866
90608,-118.2987,33.7866
90609,-118.2987,33.7866
90610,-118.2987,33.7866
90620,-118.008,33.8439
90621,-117.9893,33.8772
90622,-118.0031,33.8462
90623,-118.0398,33.8491
90624,-118.0033,33.8584
90630,-118.0357,33.8181
90631,-117.9494,33.9331
90632,-117.9547,33.9143
90633,-117.9452,33.9345
90637,-118.2987,33.7866
90638,-118.0101,33.9067
90639,-118.0182,33.9058
90640,-118.113,34.0133
90650,-118.0818,33.9056
90651,-118.2987,33.7866
90652,-118.2987,33.7866
90660,-118.0883,33.9886
90661,-118.2987,33.7866
90662,-118.2987,33.7866
90670,-118.0838,33.9464
90671,-118.2987,33.7866
90680,-117.9956,33.7991
90701,-118.0731,33.8654
90702,-118.2987,33.7866
90703,-118.0686,33.8669
90704,-118.3437,33.332
90706,-118.1265,33.8867
90707,-118.2987,33.7866
90710,-118.2991,33.797
90711,-118.2987,33.7866
90712,-118.1457,33.8512
90713,-118.1115,33.8473
90714,-118.1339,33.8512
90715,-118.0767,33.8405
90716,-118.073,33.8296
90717,-118.3172,33.7938
90720,-118.0648,33.7956
90721,-118.069,33.8023
90723,-118.1632,33.8969
90731,-118.2914,33.7339
90732,-118.3121,33.742
90733,-118.2987,33.7866
90734,-118.2987,33.7866
90740,-118.0808,33.7602
90742,-118.0699,33.7188
90743,-118.0833,33.7264
90744,-118.2645,33.7855
90745,-118.2684,33.823
90746,-118.2554,33.8584
90747,-118.2538,33.8671
90748,-118.2987,33.7866
90749,-118.2987,33.7866
90755,-118.1677,33.8029
90801,-118.201,33.8043
90802,-118.182,33.7706
90803,-118.1341,33.7619
90804,-118.1357,33.7857
90805,-118.1801,33.8635
90806,-118.1876,33.8045
90807,-118.1811,33.8315
90808,-118.1103,33.8241
90809,-118.2987,33.7866
90810,-118.2325,33.8193
90813,-118.1835,33.782
90814,-118.148,33.7716
90815,-118.1192,33.7939
90822,-118.1638,33.7927
90831,-118.1994,33.7678
90832,-118.2987,33.7866
90833,-118.1994,33.7678
90840,-118.1157,33.7843
90842,-118.2987,33.7866
90844,-118.2987,33.7866
90846,-118.1504,33.8249
90847,-118.2987,33.7866
90848,-118.2987,33.7866
90853,-118.2987,33.7866
90895,-118.2202,33.8392
91001,-118.1392,34.1912
91003,-118.2987,33.7866
91006,-118.0264,34.1324
91007,-118.0515,34.1243
91008,-117.9644,34.149
91009,-118.2987,33.7866
91010,-117.9567,34.1407
91011,-118.2051,34.2217
91012,-118.2987,33.7866
91016,-118.0014,34.144
91017,-118.2987,33.7866
91020,-118.2305,34.2114
91021,-118.2987,33.7866
91023,-118.2987,33.7866
91024,-118.0519,34.1651
91025,-118.2987,33.7866
91030,-118.1547,34.1109
91031,-118.2987,33.7866
91040,-118.3371,34.2618
91041,-118.2987,33.7866
91042,-118.2849,34.2544
91043,-118.2987,33.7866
91046,-118.2987,33.7866
91066,-118.2987,33.7866
91077,-118.2987,33.7866
91101,-118.1391,34.1468
91102,-118.2987,33.7866
91103,-118.1551,34.1669
91104,-118.1261,34.1678
91105,-118.1636,34.1355
91106,-118.1266,34.1435
91107,-118.0889,34.151
91108,-118.1117,34.1207
91109,-118.2987,33.7866
91110,-118.2987,33.7866
91114,-118.2987,33.7866
91115,-118.2987,33.7866
91116,-118.2987,33.7866
91117,-118.2987,33.7866
91118,-118.2987,33.7866
91121,-118.2987,33.7866
91123,-118.2987,33.7866
91124,-118.2987,33.7866
91125,-118.2987,33.7866
91126,-118.2987,33.7866
91129,-118.2987,33.7866
91182,-118.2987,33.7866
91184,-118.2987,33.7866
91185,-118.2987,33.7866
91188,-118.2987,33.7866
91189,-118.2987,33.7866
91199,-118.1436,34.1478
91201,-118.2899,34.1716
91202,-118.2656,34.1652
91203,-118.2636,34.1517
91204,-118.2599,34.1379
91205,-118.2424,34.1378
91206,-118.2322,34.1556
91207,-118.2451,34.1649
91208,-118.235,34.1921
91209,-118.2987,33.7866
91210,-118.2987,33.7866
91214,-118.2457,34.2316
91221,-118.2987,33.7866
91222,-118.2987,33.7866
91224,-118.2987,33.7866
91225,-118.2987,33.7866
91226,-118.2987,33.7866
91301,-118.7573,34.1227
91302,-118.6641,34.1419
91303,-118.5983,34.1993
91304,-118.6111,34.2197
91305,-118.2987,33.7866
91306,-118.5749,34.2092
91307,-118.6389,34.1963
91308,-118.2987,33.7866
91309,-118.2987,33.7866
91310,-118.2987,33.7866
91311,-118.5914,34.2583
91313,-118.2987,33.7866
91316,-118.5175,34.1655
91319,-119.1343,34.0324
91320,-118.9358,34.1774
91321,-118.523,34.3795
91322,-118.2987,33.7866
91324,-118.5466,34.2367
91325,-118.5188,34.2353
91326,-118.5576,34.2805
91327,-118.2987,33.7866
91328,-118.2987,33.7866
91330,-118.2987,33.7866
91331,-118.4208,34.2556
91333,-118.2987,33.7866
91334,-118.2987,33.7866
91335,-118.5391,34.2007
91337,-118.2987,33.7866
91340,-118.4352,34.2875
91341,-118.2987,33.7866
91342,-118.4322,34.3054
91343,-118.4758,34.2366
91344,-118.4992,34.2771
91345,-118.4587,34.2619
91346,-118.2987,33.7866
91350,-118.5007,34.4336
91351,-118.449,34.4262
91352,-118.3699,34.2209
91353,-118.2987,33.7866
91354,-118.5374,34.4466
91355,-118.5535,34.3985
91356,-118.5414,34.1671
91357,-118.2987,33.7866
91358,-119.1343,34.0324
91359,-119.1343,34.0324
91360,-118.8739,34.2092
91361,-118.8383,34.1472
91362,-118.8232,34.1948
91364,-118.6,34.1557
91365,-118.2987,33.7866
91367,-118.6159,34.1767
91371,-118.2987,33.7866
91372,-118.2987,33.7866
91376,-118.2987,33.7866
91377,-118.7669,34.185
91380,-118.2987,33.7866
91381,-118.6131,34.3775
91382,-118.2987,33.7866
91383,-118.2987,33.7866
91384,-118.6254,34.4827
91385,-118.2987,33.7866
91386,-118.2987,33.7866
91387,-118.426,34.4132
91390,-118.5261,34.4684
91392,-118.2987,33.7866
91393,-118.2987,33.7866
91394,-118.2987,33.7866
91395,-118.2987,33.7866
91396,-118.2987,33.7866
91401,-118.4324,34.1802
91402,-118.447,34.2262
91403,-118.4603,34.1514
91404,-118.2987,33.7866
91405,-118.4456,34.2001
91406,-118.4868,34.2006
91407,-118.2987,33.7866
91408,-118.2987,33.7866
91409,-118.2987,33.7866
91410,-118.2987,33.7866
91411,-118.4574,34.1781
91412,-118.2987,33.7866
91413,-118.2987,33.7866
91416,-118.2987,33.7866
91423,-118.4322,34.1526
91426,-118.2987,33.7866
91436,-118.4882,34.151
91470,-118.2987,33.7866
91482,-118.2987,33.7866
91495,-118.2987,33.7866
91496,-118.2987,33.7866
91499,-118.2987,33.7866
91501,-118.3009,34.1862
91502,-118.3059,34.1745
91503,-118.2987,33.7866
91504,-118.3264,34.2001
91505,-118.3442,34.169
91506,-118.3231,34.1717
91507,-118.2987,33.7866
91508,-118.2987,33.7866
91510,-118.2987,33.7866
91521,-118.2987,33.7866
91522,-118.2987,33.7866
91523,-118.2987,33.7866
91526,-118.2987,33.7866
91601,-118.3713,34.1687
91602,-118.3663,34.151
91603,-118.2987,33.7866
91604,-118.3913,34.143
91605,-118.4001,34.2057
91606,-118.3865,34.1872
91607,-118.3989,34.1672
91608,-118.3528,34.1383
91609,-118.2987,33.7866
91610,-118.2987,33.7866
91614,-118.2987,33.7866
91615,-118.2987,33.7866
91616,-118.2987,33.7866
91617,-118.2987,33.7866
91618,-118.2987,33.7866
91701,-117.5999,34.1376
91702,-117.5999,34.1376
91706,-117.9031,34.1248
91708,-117.9682,34.0964
91709,-117.6404,33.954
91710,-117.7308,33.9797
91711,-117.6844,34.0125
91714,-117.7183,34.1092
91715,-118.2987,33.7866
91716,-118.2987,33.7866
91722,-118.2987,33.7866
91723,-117.9065,34.0972
91724,-117.8843,34.086
91729,-117.856,34.0938
91730,-115.9671,34.84
91731,-117.5941,34.107
91732,-118.0371,34.0791
91733,-118.0149,34.0705
91734,-118.0444,34.0557
91735,-118.2987,33.7866
91737,-118.2987,33.7866
91739,-117.5793,34.1449
91740,-117.5803,34.1467
91741,-117.5182,34.1705
91743,-117.8552,34.1287
91744,-117.8437,34.1537
91745,-115.9671,34.84
91746,-117.9373,34.0289
91747,-117.9652,33.9977
91748,-117.9862,34.0443
91749,-118.2987,33.7866
91750,-117.8969,33.9818
91752,-118.2987,33.7866
91754,-117.7708,34.1159
91755,-117.5236,33.9938
91756,-118.1271,34.0534
91758,-118.115,34.048
91759,-118.2987,33.7866
91761,-115.9671,34.84
91762,-118.2987,33.7866
91763,-117.6187,34.0316
91764,-117.6665,34.0584
91765,-117.6987,34.0733
91766,-117.6254,34.0763
91767,-117.8098,34.0066
91768,-117.7569,34.0418
91769,-117.7362,34.0812
91770,-117.7763,34.0662
91771,-118.2987,33.7866
91772,-118.0853,34.0658
91773,-118.2987,33.7866
91775,-118.2987,33.7866
91776,-117.8169,34.1023
91778,-118.0857,34.1155
91780,-118.0955,34.089
91784,-118.2987,33.7866
91785,-118.0537,34.1016
91786,-117.6581,34.141
91788,-117.6583,34.1144
91789,-117.6583,34.1144
91790,-118.2987,33.7866
91791,-117.8546,34.0183
91792,-117.9366,34.0673
91793,-117.8978,34.0653
91801,-117.8975,34.0229
91802,-118.2987,33.7866
91803,-118.1293,34.0914
91804,-118.2987,33.7866
91896,-118.1434,34.0745
91899,-118.2987,33.7866
91901,-118.2987,33.7866
91902,-118.2987,33.7866
91903,-116.7543,32.8282
91905,-117.0221,32.6671
91906,-116.846,33.0169
91908,-116.32,32.6719
91909,-116.4905,32.6605
91910,-116.846,33.0169
91911,-116.846,33.0169
91912,-117.0676,32.6371
91913,-117.0565,32.6084
91914,-116.846,33.0169
91915,-116.9852,32.6513
91916,-116.9652,32.6588
91917,-116.9408,32.6315
91921,-116.6027,32.873
91931,-116.7285,32.6152
91932,-116.846,33.0169
91933,-116.846,33.0169
91934,-117.1148,32.5783
91935,-116.846,33.0169
91941,-116.1952,32.6249
91942,-116.8323,32.7163
91943,-117.0115,32.7604
91944,-117.0189,32.7835
91945,-116.846,33.0169
91946,-116.846,33.0169
91948,-117.0326,32.7332
91950,-116.846,33.0169
91951,-116.846,33.0169
91962,-117.0897,32.6749
91963,-116.846,33.0169
91976,-116.5127,32.835
91977,-116.6037,32.6205
91978,-116.846,33.0169
91979,-116.9976,32.724
91980,-116.9596,32.7329
91987,-116.846,33.0169
92003,-116.6192,32.5889
92004,-116.846,33.0169
92007,-117.1897,33.294
92008,-116.3514,33.2386
92009,-117.2745,33.023
92010,-117.325,33.1602
92011,-117.2619,33.0954
92013,-117.3009,33.1639
92014,-117.2943,33.1072
92018,-116.846,33.0169
92019,-117.249,32.9665
92020,-116.846,33.0169
92021,-116.9191,32.7777
92022,-116.9665,32.7928
92023,-116.9223,32.8178
92024,-116.846,33.0169
92025,-117.292,33.036
92026,-117.2689,33.0535
92027,-117.07,33.1101
92028,-117.0978,33.1605
92029,-117.052,33.1388
92030,-117.229,33.369
92033,-117.1128,33.0895
92036,-116.846,33.0169
92037,-116.846,33.0169
92038,-116.5658,33.0534
92039,-117.2521,32.8455
92040,-116.846,33.0169
92046,-116.846,33.0169
92049,-116.9201,32.8562
92051,-116.846,33.0169
92052,-116.846,33.0169
92054,-116.846,33.0169
92055,-116.846,33.0169
92056,-117.3573,33.2072
92057,-116.846,33.0169
92058,-117.2831,33.1968
92059,-117.3025,33.2407
92060,-117.3423,33.2696
92061,-117.0717,33.3777
92064,-116.846,33.0169
92065,-116.9596,33.3063
92066,-117.0402,32.9756
92067,-116.8535,33.0293
92068,-116.5391,33.2406
92069,-117.2157,33.005
92070,-116.846,33.0169
92071,-117.1697,33.1444
92072,-116.6964,33.1476
92074,-116.9862,32.8486
92075,-116.846,33.0169
92078,-116.846,33.0169
92079,-117.2598,32.9937
92081,-117.185,33.1193
92082,-116.846,33.0169
92083,-117.2403,33.1644
92084,-117.0122,33.249
92085,-117.2482,33.1978
92086,-117.2243,33.2131
92088,-116.846,33.0169
92091,-116.6527,33.3096
92092,-116.846,33.0169
92093,-117.0462,32.9623
92096,-116.846,33.0169
92101,-116.846,33.0169
92102,-116.846,33.0169
92103,-117.1593,32.7185
92104,-117.1219,32.7139
92105,-117.1636,32.7466
92106,-117.1272,32.7454
92107,-117.0947,32.7423
92108,-117.2268,32.7272
92109,-117.2433,32.7425
92110,-117.1335,32.7783
92111,-117.2405,32.7969
92112,-117.2028,32.7635
92113,-117.1708,32.7972
92114,-116.846,33.0169
92115,-117.1153,32.697
92116,-117.0524,32.7059
92117,-117.0721,32.7607
92118,-117.1242,32.7624
92119,-117.1965,32.8239
92120,-117.1698,32.6807
92121,-117.0261,32.8036
92122,-117.0707,32.7958
92123,-117.2035,32.8919
92124,-117.2115,32.8577
92126,-117.1392,32.7973
92127,-117.0986,32.8201
92128,-117.1402,32.9161
92129,-117.0856,33.0279
92130,-117.069,33.0067
92131,-117.1213,32.9652
92132,-117.2252,32.9555
92134,-117.0898,32.9123
92135,-117.1384,32.6437
92136,-117.1466,32.7242
92137,-116.846,33.0169
92138,-117.1219,32.6834
92139,-117.1197,32.8538
92140,-116.846,33.0169
92142,-117.0474,32.6806
92143,-117.2004,32.7434
92145,-116.846,33.0169
92147,-116.846,33.0169
92149,-117.1005,32.8891
92150,-116.846,33.0169
92152,-116.846,33.0169
92153,-116.846,33.0169
92154,-116.846,33.0169
92155,-116.846,33.0169
92158,-117.0707,32.5753
92159,-117.1657,32.6716
92160,-116.846,33.0169
92161,-116.846,33.0169
92163,-116.846,33.0169
92165,-117.2291,32.8718
92166,-116.846,33.0169
92167,-116.846,33.0169
92168,-116.846,33.0169
92169,-116.846,33.0169
92170,-116.846,33.0169
92171,-116.846,33.0169
92172,-116.846,33.0169
92173,-116.846,33.0169
92174,-116.846,33.0169
92175,-117.043,32.5626
92176,-116.846,33.0169
92177,-116.846,33.0169
92178,-116.846,33.0169
92179,-116.846,33.0169
92182,-116.846,33.0169
92186,-116.9187,32.5726
92187,-117.0762,32.7751
92191,-116.846,33.0169
92192,-116.846,33.0169
92193,-116.846,33.0169
92195,-116.846,33.0169
92196,-116.846,33.0169
92197,-116.846,33.0169
92198,-116.846,33.0169
92199,-116.846,33.0169
92201,-116.846,33.0169
92202,-117.1918,32.7516
92203,-116.0357,33.7287
92210,-116.0556,33.7529
92211,-116.2676,33.7532
92220,-116.3381,33.7163
92222,-116.3398,33.7644
92223,-116.8899,33.9282
92225,-114.5619,32.7822
92226,-116.9701,33.9504
92227,-114.6681,33.7464
92230,-114.6525,33.5987
92231,-115.5296,32.9792
92232,-116.7739,33.9086
92233,-115.5028,32.6832
92234,-115.2846,33.0262
92235,-115.5114,33.167
92236,-116.4665,33.8098
92239,-116.0556,33.7529
92240,-116.1772,33.675
92241,-115.3666,33.809
92242,-116.5219,33.9531
92243,-116.354,33.8763
92244,-114.3197,34.1652
92247,-115.5665,32.7893
92248,-115.6927,32.7948
92249,-116.2951,33.6736
92250,-116.2951,33.6736
92251,-115.4383,32.7218
92252,-115.3775,32.8104
92253,-115.573,32.847
92254,-116.3038,34.1502
92255,-116.3081,33.6685
92256,-116.0187,33.545
92257,-116.0556,33.7529
92258,-116.5656,34.0606
92259,-115.6965,33.3784
92260,-116.5496,33.925
92261,-115.8234,32.981
92262,-116.4027,33.6806
92263,-116.4082,33.6604
92264,-116.5347,33.8414
92266,-116.5359,33.7611
92267,-116.517,33.8018
92268,-114.7355,33.3696
92270,-114.156,34.298
92273,-116.5048,34.1887
92274,-116.4225,33.7643
92275,-115.6948,32.7941
92276,-116.1572,33.5578
92277,-115.9578,33.3092
92278,-116.3713,33.8082
92280,-116.0601,34.1455
92281,-116.0604,34.238
92282,-114.5656,34.1561
92283,-115.5914,33.038
92284,-116.6932,33.9276
92285,-114.6854,32.9818
92286,-116.4313,34.1559
92301,-116.5241,34.3103
92304,-116.35,34.1803
92305,-117.4242,34.5841
92307,-115.7749,34.599
92308,-116.9485,34.1531
92309,-117.2132,34.5291
92310,-117.1927,34.4698
92311,-116.0638,35.3606
92312,-116.6966,35.2625
92313,-117.0387,34.8914
92314,-116.9062,34.2016
92315,-117.3129,34.031
92316,-116.8131,34.261
92317,-116.9053,34.235
92318,-117.3993,34.0662
92320,-117.0796,34.2112
92321,-115.9671,34.84
92322,-117.043,33.9946
92323,-117.1533,34.2545
92324,-117.3265,34.2544
92325,-115.9671,34.84
92327,-117.2874,34.0315
92328,-117.2811,34.2433
92329,-116.8876,34.8668
92331,-116.8937,36.4672
92332,-115.9671,34.84
92333,-117.4612,34.0922
92334,-115.5771,34.5881
92335,-116.9515,34.2583
92336,-115.9671,34.84
92337,-117.4551,34.0794
92338,-117.4378,34.1173
92339,-117.4706,34.0498
92340,-115.8025,34.9329
92341,-116.9362,34.0937
92342,-115.9671,34.84
92344,-117.066,34.2348
92345,-117.3367,34.7499
92346,-117.4075,34.4239
92347,-117.3025,34.4222
92350,-117.1403,34.1565
92352,-117.1809,34.9279
92354,-115.9671,34.84
92356,-117.2016,34.2606
92357,-117.2513,34.0528
92358,-116.9189,34.447
92359,-115.9671,34.84
92363,-117.5186,34.2558
92364,-117.1126,34.0774
92365,-114.5871,34.7824
92366,-115.4814,35.4676
92368,-116.7464,34.885
92369,-115.9671,34.84
92371,-117.3327,34.6178
92372,-115.9671,34.84
92373,-117.5196,34.4449
92374,-117.6403,34.4429
92375,-117.1804,34.0397
92376,-117.1672,34.065
92377,-115.9671,34.84
92378,-117.3771,34.1132
92382,-117.4042,34.1561
92384,-115.9671,34.84
92385,-117.1109,34.2102
92386,-116.2645,35.8992
92389,-115.9671,34.84
92391,-116.8277,34.2372
92392,-116.1544,35.9021
92393,-117.2348,34.2379
92394,-117.4082,34.4802
92395,-115.9671,34.84
92397,-117.3528,34.5563
92398,-117.2944,34.5016
92399,-117.6249,34.3628
92401,-116.7093,34.9269
92402,-117.0489,34.0282
92403,-117.2898,34.1105
92404,-117.1272,34.2139
92405,-115.9671,34.84
92406,-117.2606,34.1426
92407,-117.3013,34.1446
92408,-115.9671,34.84
92410,-117.3908,34.2166
92411,-117.2711,34.0831
92413,-117.2975,34.1069
92415,-117.3172,34.1214
92418,-115.9671,34.84
92423,-115.9671,34.84
92427,-115.9671,34.84
92501,-115.9671,34.84
92502,-116.8615,34.2622
92503,-117.3694,33.9924
92504,-116.0556,33.7529
92505,-117.4589,33.9208
92506,-117.4119,33.9315
92507,-117.4867,33.9228
92508,-117.3757,33.9455
92509,-117.3389,33.9761
92513,-117.3043,33.8897
92514,-117.445,34.0033
92516,-116.0556,33.7529
92517,-116.0556,33.7529
92518,-116.0556,33.7529
92519,-116.0556,33.7529
92521,-117.2776,33.8886
92522,-116.0556,33.7529
92530,-116.0556,33.7529
92531,-116.0556,33.7529
92532,-117.3485,33.6598
92536,-116.0556,33.7529
92539,-117.303,33.6927
92543,-116.7997,33.4473
92544,-116.7136,33.5688
92545,-116.973,33.7416
92546,-116.9243,33.739
92548,-117.0151,33.7399
92549,-116.0556,33.7529
92551,-117.1118,33.7453
92552,-116.7107,33.7304
92553,-117.2261,33.8814
92554,-116.0556,33.7529
92555,-117.2351,33.9157
92556,-115.9159,33.522
92557,-117.1851,33.9377
92561,-116.0556,33.7529
92562,-117.2457,33.9553
92563,-116.5567,33.6401
92564,-117.2738,33.5631
92567,-117.1783,33.569
92570,-116.0556,33.7529
92571,-117.1048,33.8123
92572,-117.3166,33.7852
92581,-117.218,33.811
92582,-116.0556,33.7529
92583,-116.0556,33.7529
92584,-116.9819,33.7883
92585,-116.9324,33.7967
92586,-117.1743,33.6647
92587,-117.1721,33.7467
92589,-117.1969,33.7044
92590,-117.2529,33.6951
92591,-116.0556,33.7529
92592,-117.1824,33.4903
92593,-117.1286,33.5217
92595,-117.0958,33.4983
92596,-116.0556,33.7529
92599,-117.264,33.6021
92602,-117.0885,33.6243
92603,-116.0556,33.7529
92604,-117.7467,33.7419
92605,-117.794,33.6245
92606,-117.7868,33.6899
92607,-118.0077,33.7151
92609,-117.8224,33.6951
92610,-117.7117,33.5269
92612,-117.6908,33.624
92614,-117.6649,33.6748
92615,-117.8264,33.6607
92616,-117.8298,33.6829
92617,-117.9699,33.6566
92618,-117.8361,33.6519
92619,-117.8417,33.6425
92620,-117.7054,33.7074
92623,-117.7645,33.6706
92624,-117.7564,33.7009
92625,-117.8126,33.6942
92626,-117.6632,33.46
92627,-117.8743,33.6021
92628,-117.9085,33.6801
92629,-117.9155,33.6483
92630,-117.9159,33.6401
92637,-117.6964,33.4743
92646,-117.6868,33.6437
92647,-117.7114,33.615
92648,-117.9686,33.6654
92649,-118.0033,33.721
92650,-118.0051,33.6773
92651,-118.0505,33.718
92652,-117.7609,33.6795
92653,-117.7813,33.5429
92654,-117.7815,33.543
92655,-117.6985,33.5916
92656,-117.7154,33.6042
92657,-117.984,33.7446
92658,-117.7086,33.5701
92659,-117.8334,33.5943
92660,-117.8631,33.6422
92661,-117.9235,33.6222
92662,-117.8684,33.6295
92663,-117.9021,33.6045
92672,-117.8931,33.6062
92673,-117.9321,33.621
92674,-117.6231,33.4361
92675,-117.6375,33.4615
92676,-117.6211,33.4409
92677,-117.6565,33.5085
92678,-117.6153,33.7451
92679,-117.7084,33.5145
92683,-117.5896,33.6643
92684,-117.5894,33.6415
92685,-117.9939,33.7524
92688,-118.0072,33.7627
92690,-117.9951,33.7528
92691,-117.5938,33.6512
92692,-117.643,33.6117
92693,-117.6622,33.6128
92694,-117.6433,33.6144
92697,-117.6651,33.4977
92698,-117.6238,33.5472
92701,-117.8387,33.6485
92702,-117.8386,33.6686
92703,-117.8541,33.7523
92704,-117.8714,33.7365
92705,-117.9072,33.7489
92706,-117.909,33.7249
92707,-117.7919,33.754
92708,-117.8855,33.7691
92711,-117.8701,33.7086
92712,-117.9503,33.7102
92728,-117.8043,33.7669
92735,-117.875,33.7496
92780,-117.9284,33.714
92781,-117.8546,33.7188
92782,-117.8229,33.7364
92799,-117.8181,33.7369
92801,-117.7869,33.7346
92802,-117.9098,33.7205
92803,-117.9546,33.8428
92804,-117.9228,33.8085
92805,-117.9388,33.8397
92806,-117.9729,33.8186
92807,-117.9086,33.8359
92808,-117.8681,33.8356
92809,-117.7858,33.8544
92811,-117.7513,33.8579
92812,-117.9388,33.8426
92814,-117.831,33.8674
92815,-117.9286,33.817
92816,-117.9607,33.8173
92817,-117.9121,33.8319
92821,-117.8867,33.8401
92822,-117.7915,33.8512
92823,-117.8845,33.9291
92825,-117.8892,33.9187
92831,-117.798,33.923
92832,-117.9132,33.8356
92833,-117.8946,33.8873
92834,-117.9265,33.868
92835,-117.9551,33.8766
92836,-117.897,33.8768
92837,-117.9063,33.8994
92838,-117.9038,33.8755
92840,-117.9611,33.8695
92841,-117.931,33.8934
92842,-117.9273,33.7869
92843,-117.9766,33.7817
92844,-117.9456,33.7783
92845,-117.929,33.7671
92846,-117.9738,33.7661
92850,-118.0267,33.7787
92856,-118.0325,33.788
92857,-117.9555,33.8442
92859,-117.8435,33.7841
92860,-117.8491,33.8317
92861,-117.7867,33.8027
92862,-117.5517,33.9247
92863,-117.8104,33.8205
92864,-117.714,33.7915
92865,-117.8273,33.8153
92866,-117.8308,33.8143
92867,-117.8511,33.8263
92868,-117.8423,33.7877
92869,-117.8493,33.811
92870,-117.8776,33.7875
92871,-117.7934,33.7868
92877,-117.8543,33.8744
92878,-117.8557,33.8829
92879,-116.0556,33.7529
92880,-116.0556,33.7529
92881,-117.5354,33.8797
92882,-117.6096,33.9208
92883,-117.5198,33.8241
92885,-117.6043,33.8419
92886,-117.474,33.7541
92887,-117.8222,33.8911
92899,-117.7865,33.9058
93001,-117.7304,33.8841
93002,-117.8712,33.8373
93003,-119.3584,34.3308
93004,-119.1343,34.0324
93005,-119.2222,34.2846
93006,-119.1651,34.2788
93007,-119.1343,34.0324
93009,-119.1343,34.0324
93010,-119.1343,34.0324
93011,-119.1462,34.3562
93012,-119.0464,34.2313
93013,-119.1343,34.0324
93014,-118.9866,34.2218
93015,-119.5183,34.4036
93016,-119.8486,34.2628
93020,-118.8643,34.3934
93021,-119.1343,34.0324
93022,-119.1343,34.0324
93023,-118.8771,34.2784
93024,-119.2982,34.402
93030,-119.2565,34.4451
93031,-119.1343,34.0324
93032,-119.175,34.2141
93033,-119.1343,34.0324
93034,-119.1343,34.0324
93035,-119.1717,34.1685
93036,-119.1343,34.0324
93040,-119.216,34.1822
93041,-119.182,34.2351
93042,-118.7855,34.4352
93043,-119.1973,34.1626
93044,-119.1124,34.1134
93060,-119.2074,34.1621
93061,-119.1343,34.0324
93062,-119.0713,34.3547
93063,-119.1343,34.0324
93064,-119.1343,34.0324
93065,-118.6844,34.3046
93066,-118.7107,34.2582
93067,-118.7653,34.2656
93094,-119.0115,34.2798
93099,-119.5926,34.422
93101,-119.1343,34.0324
93102,-119.1343,34.0324
93103,-119.7078,34.4197
93105,-119.8486,34.2628
93106,-119.6833,34.4291
93107,-119.7285,34.4369
93108,-119.8371,34.4329
93109,-119.8637,34.4218
93110,-119.6159,34.4378
93111,-119.7194,34.4038
93116,-119.7647,34.4418
93117,-119.8025,34.4453
93118,-119.8486,34.2628
93120,-119.8612,34.4296
93121,-119.8486,34.2628
93130,-119.8486,34.2628
93140,-119.8486,34.2628
93150,-119.8486,34.2628
93160,-119.8486,34.2628
93190,-119.8486,34.2628
93199,-119.8486,34.2628
93201,-119.8486,34.2628
93202,-119.8486,34.2628
93203,-119.3037,35.8583
93204,-119.7053,36.3095
93205,-118.8336,35.1966
93206,-120.1227,35.9877
93207,-118.4847,35.587
93208,-119.4659,35.4033
93210,-118.6561,35.8818
93212,-118.6946,36.1398
93215,-120.3489,36.1624
93216,-119.5607,36.0865
93218,-119.2459,35.7715
93219,-118.9052,35.2944
93220,-119.0363,36.082
93221,-119.281,35.8744
93222,-118.8101,35.357
93223,-119.1293,36.3041
93224,-118.9052,35.2944
93225,-119.2054,36.3002
93226,-119.5648,35.2026
93227,-119.0355,34.8265
93230,-118.7169,35.7377
93232,-119.4254,36.3572
93234,-119.6491,36.3314
93235,-119.8947,36.1389
93237,-120.102,36.2371
93238,-119.2189,36.3856
93239,-118.9029,36.4727
93240,-118.4047,35.755
93241,-119.946,35.9754
93242,-118.457,35.669
93243,-118.9124,35.2571
93244,-119.7156,36.4378
93245,-118.8566,34.8818
93246,-118.9941,36.4969
93247,-119.8173,36.2682
93249,-119.8947,36.1389
93250,-119.0884,36.2096
93251,-119.7216,35.6131
93252,-119.2272,35.6758
93254,-119.6366,35.3031
93255,-119.4077,35.0384
93256,-119.8238,34.9967
93257,-118.0959,35.6824
93258,-119.2564,35.9553
93260,-119.0315,36.0686
93261,-119.0073,36.0331
93262,-118.6643,35.8135
93263,-119.1315,35.805
93265,-118.711,36.6007
93266,-119.2801,35.497
93267,-118.7961,36.1363
93268,-119.8236,36.179
93270,-119.0792,36.1472
93271,-119.4557,35.1482
93272,-119.0312,35.957
93274,-118.8875,36.4377
93275,-119.3078,36.0546
93276,-119.338,36.2022
93277,-118.7769,36.267
93278,-119.3584,35.2992
93279,-119.3065,36.3114
93280,-118.8194,36.1266
93282,-119.119,36.3936
93283,-119.4487,35.648
93285,-119.5161,36.1296
93286,-118.2859,35.6391
93287,-118.4559,35.7246
93290,-119.0918,36.4313
93291,-118.8439,35.7068
93292,-119.2925,36.3291
93301,-119.301,36.3551
93302,-119.2283,36.1946
93303,-119.0171,35.3866
93304,-118.9052,35.2944
93305,-118.9052,35.2944
93306,-119.0218,35.3396
93307,-118.986,35.3855
93308,-118.9391,35.3867
93309,-118.9839,35.3275
93311,-119.0433,35.4244
93312,-119.0627,35.3384
93313,-119.1056,35.3039
93314,-119.1205,35.3935
93380,-119.0509,35.2974
93383,-119.17,35.3863
93384,-118.9052,35.2944
93385,-118.9052,35.2944
93386,-118.9052,35.2944
93387,-118.9052,35.2944
93388,-118.9052,35.2944
93389,-118.9052,35.2944
93390,-118.9052,35.2944
93401,-118.9052,35.2944
93402,-118.9052,35.2944
93403,-120.6509,35.2635
93405,-120.8333,35.3172
93406,-120.4553,35.3471
93407,-120.6817,35.2901
93408,-120.4553,35.3471
93409,-120.4553,35.3471
93410,-120.4553,35.3471
93412,-120.6364,35.2211
93420,-120.4553,35.3471
93421,-120.4553,35.3471
93422,-120.4651,35.1661
93423,-120.4553,35.3471
93424,-120.6638,35.4754
93426,-120.7695,35.4282
93427,-120.7178,35.1903
93428,-120.9728,35.8093
93429,-120.1922,34.6209
93430,-121.084,35.5566
93432,-120.535,34.8458
93433,-120.8908,35.4446
93434,-120.4361,35.4779
93435,-120.6173,35.121
93436,-120.5703,34.96
93437,-120.9763,35.4919
93438,-120.4506,34.6583
93440,-120.5171,34.7532
93441,-119.8486,34.2628
93442,-120.2049,34.7457
93443,-120.0685,34.693
93444,-120.8447,35.3795
93445,-120.4553,35.3471
93446,-120.4894,35.0298
93447,-120.608,35.1019
93448,-120.7003,35.6406
93449,-120.6935,35.7562
93450,-120.4553,35.3471
93451,-120.6522,35.1578
93452,-120.8612,35.9857
93453,-120.5929,35.9004
93454,-121.144,35.6668
93455,-120.2596,35.3584
93456,-120.4324,34.9545
93457,-120.4268,34.8286
93458,-120.1968,35.0277
93460,-120.5342,34.8363
93461,-120.4957,34.9535
93463,-120.0713,34.624
93464,-120.372,35.6513
93465,-120.1701,34.6488
93475,-120.1115,34.6744
93483,-120.7107,35.5551
93501,-120.6111,35.1004
93502,-120.4553,35.3471
93504,-118.1735,35.0478
93505,-118.2248,35.0682
93510,-117.8854,35.1871
93512,-117.9651,35.1278
93513,-118.1959,34.4835
93514,-118.5647,37.8926
93515,-118.2916,37.1679
93516,-118.4048,37.5014
93517,-117.2186,36.626
93518,-117.6629,35.0037
93519,-119.208,38.2566
93522,-118.4612,35.3701
93523,-118.035,35.1774
93524,-117.5957,36.2948
93526,-118.1302,35.2582
93527,-117.9071,34.932
93528,-118.2048,36.8396
93529,-117.857,35.6397
93530,-117.6427,35.3708
93531,-119.0825,37.7773
93532,-117.8741,36.4886
93534,-118.6076,35.2375
93535,-118.5442,34.6847
93536,-118.1491,34.6909
93539,-117.8783,34.7131
93541,-118.3687,34.7471
93542,-118.2987,33.7866
93543,-119.1234,37.989
93544,-117.2186,36.626
93545,-117.9708,34.4891
93546,-117.7543,34.493
93549,-118.0578,36.5798
93550,-118.8656,37.6094
93551,-117.9552,36.23
93552,-118.0917,34.4133
93553,-118.231,34.6017
93554,-118.0231,34.5715
93555,-117.9055,34.4225
93556,-117.7159,35.3866
93558,-117.794,35.5405
93560,-118.9052,35.2944
93561,-117.6214,35.3479
93562,-118.3409,34.8664
93563,-118.5022,35.043
93581,-117.3808,35.7481
93584,-117.7604,34.3966
93586,-118.9052,35.2944
93590,-118.2987,33.7866
93591,-118.2987,33.7866
93592,-118.2987,33.7866
93596,-117.8123,34.6019
93599,-115.9671,34.84
93601,-118.9052,35.2944
93602,-118.2987,33.7866
93603,-119.7233,37.4076
93604,-119.4572,37.0726
93605,-119.0162,36.5683
93606,-119.5568,37.3244
93607,-119.2492,37.2032
93608,-120.0185,36.8032
93609,-119.8994,36.5898
93610,-120.3353,36.4921
93611,-119.8446,36.5358
93612,-120.2691,37.1014
93613,-119.6802,36.8253
93614,-119.7106,36.8149
93615,-119.5117,37.0365
93616,-119.7455,37.2214
93618,-119.287,36.5243
93619,-119.5929,36.6543
93620,-119.3909,36.5349
93621,-119.6518,36.8432
93622,-120.6333,37.0025
93623,-119.0899,36.7446
93624,-120.47,36.8651
93625,-119.642,37.5169
93626,-120.1118,36.3386
93627,-119.671,36.6282
93628,-119.6807,37.0422
93630,-120.0936,36.4992
93631,-118.9575,36.7515
93633,-120.0724,36.7306
93634,-119.5433,36.508
93635,-118.9588,36.7341
93636,-119.2436,37.1673
93637,-120.8544,37.0627
93638,-119.8806,36.9528
93639,-120.082,36.9403
93640,-120.0335,37.0402
93641,-119.945,37.1606
93642,-120.4093,36.7424
93643,-119.0477,36.6894
93644,-119.6397,36.7464
93645,-119.5143,37.2125
93646,-119.6449,37.3476
93647,-119.6652,37.1639
93648,-119.3204,36.6255
93649,-119.2815,36.5464
93650,-119.5375,36.6103
93651,-119.3496,36.8417
93652,-119.801,36.8411
93653,-119.5268,36.9938
93654,-119.9032,36.5989
93656,-119.8766,37.279
93657,-119.4378,36.6044
93660,-119.872,36.4295
93661,-119.5478,36.7243
93662,-120.1889,36.6059
93664,-120.6504,37.1869
93665,-119.617,36.5695
93666,-119.273,37.1397
93667,-120.7447,37.0135
93668,-119.352,36.521
93669,-119.3914,36.9943
93670,-120.2617,36.6584
93673,-119.557,37.281
93675,-119.2594,36.4718
93701,-119.4717,36.4442
93702,-119.1814,36.7071
93703,-119.7867,36.7487
93704,-119.7532,36.74
93705,-119.7594,36.7684
93706,-119.8016,36.7991
93707,-119.8286,36.7863
93708,-119.9987,36.6486
93709,-119.6397,36.7464
93710,-119.6397,36.7464
93711,-119.6397,36.7464
93712,-119.762,36.8236
93714,-119.8319,36.8303
93715,-119.6397,36.7464
93716,-119.6397,36.7464
93717,-119.6397,36.7464
93718,-119.6397,36.7464
93720,-119.6397,36.7464
93721,-119.6397,36.7464
93722,-119.7655,36.8579
93723,-119.7843,36.7377
93724,-119.8801,36.7918
93725,-119.9532,36.7863
93726,-119.6397,36.7464
93727,-119.7308,36.6207
93728,-119.7604,36.7949
93729,-119.7061,36.7528
93730,-119.8113,36.7581
93740,-119.6397,36.7464
93741,-119.7589,36.8878
93744,-119.6397,36.7464
93745,-119.6397,36.7464
93747,-119.6397,36.7464
93750,-119.6397,36.7464
93755,-119.6397,36.7464
93760,-119.6397,36.7464
93761,-119.6397,36.7464
93764,-119.6397,36.7464
93765,-119.6397,36.7464
93771,-119.6397,36.7464
93772,-119.6397,36.7464
93773,-119.6397,36.7464
93774,-119.6397,36.7464
93775,-119.6397,36.7464
93776,-119.6397,36.7464
93777,-119.6397,36.7464
93778,-119.6397,36.7464
93779,-119.6397,36.7464
93786,-119.6397,36.7464
93790,-119.6397,36.7464
93791,-119.6397,36.7464
93792,-119.6397,36.7464
93793,-119.6397,36.7464
93794,-119.6397,36.7464
93844,-119.6397,36.7464
93888,-119.6397,36.7464
93901,-119.6397,36.7464
93902,-119.6397,36.7464
93905,-121.6596,36.6677
93906,-121.1329,36.3543
93907,-121.6176,36.6811
93908,-121.6438,36.7103
93912,-121.6703,36.7563
93915,-121.6729,36.6011
93920,-121.1329,36.3543
93921,-121.1329,36.3543
93922,-121.7009,36.2458
93923,-121.9225,36.5497
93924,-121.9263,36.5433
93925,-121.8949,36.5457
93926,-121.7244,36.4787
93927,-121.432,36.595
93928,-121.4103,36.49
93930,-121.2451,36.3202
93932,-121.2138,36.0235
93933,-121.1273,36.2028
93940,-121.0626,35.95
93942,-121.7934,36.6849
93943,-121.8443,36.5802
93944,-121.1329,36.3543
93950,-121.8741,36.597
93953,-121.9089,36.6062
93954,-121.922,36.6167
93955,-121.942,36.5907
93960,-121.2903,36.4574
93962,-121.7935,36.6217
94002,-121.3243,36.4196
94005,-121.6555,36.6261
94010,-122.2927,37.5174
94011,-122.4001,37.6811
94014,-122.3676,37.5671
94015,-122.3348,37.3811
94016,-122.4388,37.6875
94017,-122.478,37.6787
94018,-122.3348,37.3811
94019,-122.3348,37.3811
94020,-122.4734,37.5101
94021,-122.4459,37.4791
94022,-122.2495,37.2726
94023,-122.2807,37.2708
94024,-122.1258,37.3814
94025,-121.7053,37.1894
94026,-122.0862,37.3547
94027,-122.1864,37.4396
94028,-122.3348,37.3811
94030,-122.2002,37.4563
94035,-122.2182,37.3702
94037,-122.402,37.6004
94038,-121.7053,37.1894
94039,-122.5052,37.5428
94040,-122.5068,37.531
94041,-121.7053,37.1894
94042,-122.088,37.3855
94043,-122.0783,37.3893
94044,-121.7053,37.1894
94060,-122.0775,37.4056
94061,-122.4816,37.6196
94062,-122.3649,37.2065
94063,-122.2304,37.4647
94064,-122.296,37.4245
94065,-122.2091,37.4815
94066,-122.3348,37.3811
94070,-122.2486,37.5331
94074,-122.429,37.6247
94080,-122.2674,37.4969
94083,-122.3556,37.3255
94085,-122.4235,37.6574
94086,-122.3348,37.3811
94087,-122.0177,37.3886
94088,-122.0238,37.3764
94089,-122.0349,37.3502
94102,-121.7053,37.1894
94103,-122.0006,37.3983
94104,-122.4167,37.7813
94105,-122.4147,37.7725
94107,-122.4018,37.7915
94108,-122.3892,37.7864
94109,-122.3971,37.7621
94110,-122.4079,37.7929
94111,-122.4186,37.7917
94112,-122.4153,37.7509
94114,-122.4001,37.7974
94115,-122.4411,37.7195
94116,-122.433,37.7587
94117,-122.4358,37.7856
94118,-122.4863,37.7441
94119,-122.4413,37.7712
94120,-122.4614,37.7812
94121,-122.7278,37.7848
94122,-122.7278,37.7848
94123,-122.4892,37.7786
94124,-122.4836,37.7593
94125,-122.4342,37.7999
94126,-122.3886,37.7309
94127,-122.7278,37.7848
94128,-122.7278,37.7848
94129,-122.4571,37.7354
94130,-122.3929,37.6216
94131,-122.465,37.8005
94132,-122.3693,37.8231
94133,-122.4383,37.745
94134,-122.4754,37.7211
94137,-122.4091,37.8002
94139,-122.4096,37.719
94140,-122.7278,37.7848
94141,-122.7278,37.7848
94142,-122.7278,37.7848
94143,-122.7278,37.7848
94144,-122.7278,37.7848
94145,-122.4586,37.7631
94146,-122.7278,37.7848
94147,-122.7278,37.7848
94151,-122.7278,37.7848
94158,-122.7278,37.7848
94159,-122.7278,37.7848
94160,-122.3867,37.7694
94161,-122.7278,37.7848
94163,-122.7278,37.7848
94164,-122.7278,37.7848
94172,-122.7278,37.7848
94177,-122.7278,37.7848
94188,-122.7278,37.7848
94203,-122.7278,37.7848
94204,-122.7278,37.7848
94205,-121.5554,38.3805
94206,-121.4444,38.3774
94207,-121.4444,38.3774
94208,-121.4444,38.3774
94209,-121.4444,38.3774
94211,-121.4444,38.3774
94229,-121.4444,38.3774
94230,-121.4444,38.3774
94232,-121.4444,38.3774
94234,-121.4444,38.3774
94235,-121.4444,38.3774
94236,-121.4444,38.3774
94237,-121.4444,38.3774
94239,-121.4444,38.3774
94240,-121.4444,38.3774
94244,-121.4444,38.3774
94245,-121.4444,38.3774
94247,-121.4444,38.3774
94248,-121.4444,38.3774
94249,-121.4444,38.3774
94250,-121.4444,38.3774
94252,-121.4444,38.3774
94254,-121.4444,38.3774
94256,-121.4444,38.3774
94257,-121.4444,38.3774
94258,-121.4444,38.3774
94259,-121.4444,38.3774
94261,-121.4444,38.3774
94262,-121.4444,38.3774
94263,-121.4444,38.3774
94267,-121.4444,38.3774
94268,-121.4444,38.3774
94269,-121.4444,38.3774
94271,-121.4444,38.3774
94273,-121.4444,38.3774
94274,-121.4444,38.3774
94277,-121.4444,38.3774
94278,-121.4444,38.3774
94279,-121.4444,38.3774
94280,-121.4444,38.3774
94282,-121.4444,38.3774
94283,-121.4444,38.3774
94284,-121.4444,38.3774
94285,-121.4444,38.3774
94287,-121.4444,38.3774
94288,-121.4444,38.3774
94289,-121.4444,38.3774
94290,-121.4444,38.3774
94291,-121.4444,38.3774
94293,-121.4444,38.3774
94294,-121.4444,38.3774
94295,-121.4444,38.3774
94296,-121.4444,38.3774
94297,-121.4444,38.3774
94298,-121.4444,38.3774
94299,-121.4444,38.3774
94301,-121.4444,38.3774
94302,-121.4444,38.3774
94303,-122.1497,37.4443
94304,-121.7053,37.1894
94305,-122.1388,37.4673
94306,-122.1842,37.4334
94309,-122.1619,37.4236
94401,-122.1274,37.418
94402,-121.7053,37.1894
94403,-122.3225,37.5735
94404,-122.3276,37.5507
94497,-122.2998,37.5395
94501,-122.27,37.5538
94502,-122.3259,37.5347
94503,-122.2648,37.7706
94505,-122.2431,37.7351
94506,-122.2553,38.1668
94507,-121.6054,37.8989
94508,-121.9167,37.8321
94509,-122.0229,37.8537
94510,-122.4477,38.5769
94511,-121.8089,37.9939
94512,-122.1614,38.0685
94513,-121.6425,38.0266
94514,-121.8443,38.1504
94515,-121.6894,37.9324
94516,-121.6236,37.8254
94517,-122.5814,38.5823
94518,-122.165,37.8339
94519,-121.91,37.9154
94520,-122.0263,37.9504
94521,-122.0119,37.9841
94522,-122.0362,37.9823
94523,-121.975,37.9575
94524,-121.9554,37.7772
94525,-122.0737,37.954
94526,-121.9554,37.7772
94527,-122.2177,38.0519
94528,-121.966,37.814
94529,-121.9578,37.9535
94530,-121.9667,37.8387
94531,-121.9554,37.7772
94533,-122.2985,37.9156
94534,-121.7758,37.9658
94535,-122.0356,38.2671
94536,-122.1314,38.2423
94537,-121.9463,38.2743
94538,-121.9999,37.5605
94539,-121.9215,37.6802
94540,-121.9712,37.5308
94541,-121.9287,37.5176
94542,-121.9215,37.6802
94543,-122.0894,37.674
94544,-122.0472,37.6586
94545,-121.9215,37.6802
94546,-122.067,37.6374
94547,-122.0971,37.6332
94548,-122.0782,37.7015
94549,-122.2637,38.0066
94550,-121.6652,37.9726
94551,-122.1119,37.8961
94552,-121.763,37.683
94553,-121.77,37.7526
94555,-122.0381,37.7131
94556,-122.135,37.9864
94557,-122.0469,37.5735
94558,-122.1242,37.8437
94559,-121.9215,37.6802
94560,-122.2564,38.4549
94561,-122.2841,38.2904
94562,-122.032,37.5368
94563,-121.7036,37.994
94564,-122.3991,38.4379
94565,-122.1728,37.8787
94566,-122.2875,37.9969
94567,-121.9172,38.0031
94568,-121.8755,37.6658
94569,-122.4453,38.6493
94570,-121.9226,37.7166
94571,-122.1866,38.046
94572,-121.9554,37.7772
94573,-121.7016,38.1637
94574,-122.2581,38.0307
94575,-122.4142,38.4665
94576,-122.4619,38.5138
94577,-121.9554,37.7772
94578,-122.4764,38.5494
94579,-122.1587,37.7205
94580,-122.124,37.7024
94581,-122.1507,37.6892
94582,-122.1295,37.6787
94583,-122.3539,38.5096
94585,-121.9155,37.7636
94586,-121.9522,37.7562
94587,-122.042,38.2408
94588,-121.8986,37.6094
94589,-122.0497,37.5895
94590,-121.8957,37.6873
94591,-122.2804,38.1582
94592,-122.2474,38.1053
94595,-122.2124,38.0985
94596,-122.2699,38.0968
94597,-122.0703,37.8753
94598,-122.0549,37.9053
94599,-122.0717,37.9182
94601,-122.0259,37.9194
94602,-122.3616,38.4161
94603,-122.2166,37.7806
94604,-122.2104,37.8011
94605,-122.171,37.7402
94606,-121.9215,37.6802
94607,-122.1633,37.7641
94608,-122.2429,37.7956
94609,-122.2851,37.8071
94610,-122.2804,37.8365
94611,-122.2637,37.8361
94612,-122.2443,37.8126
94613,-122.2223,37.8471
94614,-122.2668,37.8085
94615,-122.1866,37.7811
94617,-122.2046,37.7277
94618,-122.3004,37.8067
94619,-122.2717,37.8078
94620,-122.2402,37.8431
94621,-122.1884,37.7878
94622,-121.9215,37.6802
94623,-122.1853,37.7589
94624,-122.2337,37.799
94649,-121.9215,37.6802
94659,-121.9215,37.6802
94660,-121.9215,37.6802
94661,-121.9215,37.6802
94662,-121.9215,37.6802
94666,-121.9215,37.6802
94701,-121.9215,37.6802
94702,-121.9215,37.6802
94703,-122.2967,37.8606
94704,-122.2851,37.8656
94705,-122.2749,37.863
94706,-122.257,37.8664
94707,-122.25,37.8571
94708,-122.2954,37.89
94709,-122.2761,37.8927
94710,-122.2604,37.8918
94712,-122.2655,37.8784
94720,-122.2959,37.8696
94801,-121.9215,37.6802
94802,-122.2549,37.8738
94803,-122.362,37.94
94804,-121.9554,37.7772
94805,-122.2901,37.9693
94806,-122.3342,37.9265
94807,-122.3238,37.9417
94808,-122.3369,37.9724
94820,-121.9554,37.7772
94850,-121.9554,37.7772
94901,-121.9554,37.7772
94903,-121.9554,37.7772
94904,-122.5105,37.9691
94912,-122.5855,38.0339
94913,-122.5363,37.9479
94914,-122.741,38.068
94915,-122.741,38.068
94920,-122.741,38.068
94922,-122.5594,38.0739
94923,-122.4637,37.8843
94924,-122.9741,38.3514
94925,-123.0373,38.3309
94926,-122.6947,37.9079
94927,-122.5132,37.9223
94928,-122.99,38.4631
94929,-122.99,38.4631
94930,-122.6941,38.347
94931,-122.9562,38.2469
94933,-122.5937,37.9883
94937,-122.7048,38.3259
94938,-122.6907,38.0122
94939,-122.8877,38.1126
94940,-122.7016,38.0139
94941,-122.5362,37.9367
94942,-122.89,38.1762
94945,-122.5339,37.8958
94946,-122.741,38.068
94947,-122.5714,38.1163
94948,-122.6964,38.0546
94949,-122.5837,38.0973
94950,-122.5737,38.1489
94951,-122.5404,38.0618
94952,-122.7699,38.0467
94953,-122.6483,38.3153
94954,-122.6777,38.2403
94955,-122.99,38.4631
94956,-122.6155,38.2507
94957,-122.99,38.4631
94960,-122.8534,38.0579
94963,-122.5617,38.0223
94964,-122.5711,37.9846
94965,-122.6596,38.0166
94966,-122.4844,37.9416
94970,-122.4946,37.8601
94971,-122.741,38.068
94972,-122.6393,37.902
94973,-122.9145,38.2427
94974,-122.8558,38.3072
94975,-122.6382,38.0069
94976,-122.741,38.068
94977,-122.99,38.4631
94978,-122.741,38.068
94979,-122.741,38.068
94998,-122.741,38.068
94999,-122.741,38.068
95001,-122.5684,38.1173
95002,-122.6581,38.2675
95003,-121.898,36.979
95004,-121.9736,37.426
95005,-121.8902,36.9797
95006,-121.6324,36.8769
95007,-122.0887,37.0882
95008,-122.1365,37.1547
95009,-122.105,37.1063
95010,-121.9539,37.2803
95011,-121.9488,37.2872
95012,-121.9555,36.9767
95013,-121.9571,37.294
95014,-121.7463,36.7732
95015,-121.7416,37.2123
95017,-122.0449,37.318
95018,-122.0527,37.323
95019,-122.2137,37.0423
95020,-122.0618,37.0662
95021,-121.7767,36.9356
95023,-121.5773,37.0139
95024,-121.5705,37.0095
95026,-121.3439,36.8337
95030,-121.3982,36.8586
95031,-121.986,37.1584
95032,-121.9834,37.2296
95033,-121.9676,37.1574
95035,-121.9554,37.2417
95036,-121.9816,37.1539
95037,-121.895,37.4352
95038,-121.906,37.424
95039,-121.6501,37.1353
95041,-121.6722,37.1525
95042,-121.7773,36.8175
95043,-122.0575,37.0511
95044,-121.8207,37.1771
95045,-120.9744,36.4985
95046,-121.986,37.1584
95050,-121.5346,36.8463
95051,-121.5999,37.0911
95052,-121.953,37.3492
95053,-121.9844,37.3483
95054,-121.9583,37.3522
95055,-121.9378,37.3498
95056,-121.9623,37.3924
95060,-121.9769,37.3451
95061,-121.9608,37.3997
95062,-122.1198,37.0313
95063,-122.162,37.063
95064,-121.9881,36.9721
95065,-122.0088,36.9792
95066,-122.0578,36.9959
95067,-121.9849,37.0089
95070,-122.0152,37.0597
95071,-122.0136,37.0511
95073,-122.0227,37.2713
95075,-122.0302,37.2593
95076,-121.9507,37.0048
95077,-121.3017,36.767
95101,-121.7727,36.9294
95103,-121.7575,36.9116
95106,-121.8868,37.3894
95108,-121.8908,37.3378
95109,-121.8908,37.3378
95110,-121.8908,37.3378
95111,-121.8908,37.3378
95112,-121.9016,37.3391
95113,-121.8265,37.2827
95115,-121.887,37.3476
95116,-121.8916,37.3329
95117,-121.8908,37.3378
95118,-121.8508,37.3518
95119,-121.9623,37.3108
95120,-121.8896,37.2568
95121,-121.7875,37.2329
95122,-121.8574,37.2144
95123,-121.8099,37.3042
95124,-121.8339,37.3293
95125,-121.8306,37.2458
95126,-121.9229,37.2563
95127,-121.8939,37.296
95128,-121.9153,37.3249
95129,-121.8208,37.3692
95130,-121.9356,37.3163
95131,-122.0002,37.3066
95132,-121.9818,37.2886
95133,-121.88,37.3864
95134,-121.8585,37.4031
95135,-121.856,37.3729
95136,-121.9406,37.4087
95138,-121.7562,37.2974
95139,-121.849,37.2685
95140,-121.7709,37.2602
95141,-121.7687,37.2252
95148,-121.6384,37.3511
95150,-121.7556,37.1705
95151,-121.7913,37.3304
95152,-121.897,37.3866
95153,-121.8262,37.3198
95154,-121.847,37.4022
95155,-121.8459,37.2488
95156,-121.9139,37.2649
95157,-121.9011,37.31
95158,-121.8416,37.3576
95159,-121.9777,37.3008
95160,-121.8779,37.2625
95161,-121.9349,37.3179
95164,-121.8601,37.2187
95170,-121.8868,37.3894
95172,-121.9203,37.3916
95173,-122.0093,37.3103
95190,-121.8847,37.334
95191,-121.8938,37.3352
95192,-121.8868,37.3894
95193,-121.9158,37.3262
95194,-121.8801,37.3383
95196,-121.8287,37.2441
95201,-121.8868,37.3894
95202,-121.8894,37.3338
95203,-121.2876,37.958
95204,-121.2871,37.9606
95205,-121.3116,37.9532
95206,-121.3154,37.9743
95207,-121.2624,37.9625
95208,-121.3123,37.9177
95209,-121.3238,38.0024
95210,-121.436,37.9304
95211,-121.3445,38.0377
95212,-121.2972,38.025
95213,-121.311,37.9809
95215,-121.2589,38.0315
95219,-121.2222,37.9054
95220,-121.2041,37.9551
95221,-121.3698,38.01
95222,-121.2186,38.2004
95223,-120.5608,38.0838
95224,-120.5722,38.071
95225,-120.268,38.3086
95226,-120.3688,38.2044
95227,-120.8894,38.1838
95228,-120.8151,38.2279
95229,-121.0811,38.1929
95230,-120.6423,37.944
95231,-120.4538,38.1144
95232,-120.7926,37.9945
95233,-121.2827,37.878
95234,-120.5778,38.3554
95236,-120.3644,38.1919
95237,-121.4261,37.9344
95240,-121.0493,38.032
95241,-121.1424,38.1613
95242,-121.2555,38.1222
95245,-121.2724,38.1327
95246,-121.3345,38.1308
95247,-120.5591,38.3152
95248,-120.4994,38.2328
95249,-120.4516,38.1345
95251,-120.5161,38.3405
95252,-120.6441,38.1904
95253,-120.4676,38.1013
95254,-120.8572,38.162
95255,-121.205,38.138
95257,-120.9793,38.1983
95258,-120.4759,38.4197
95267,-120.4627,38.3793
95269,-121.3086,38.1551
95296,-121.3174,38.0003
95297,-121.3225,38.0187
95301,-121.2984,38.0282
95303,-121.324,38.0025
95304,-120.6028,37.3489
95305,-120.6931,37.4548
95306,-121.4096,37.7319
95307,-121.385,37.7149
95309,-120.2521,37.8261
95310,-120.1438,37.4404
95311,-120.9496,37.5833
95312,-120.4069,37.8594
95313,-120.3971,38.044
95315,-120.1197,37.7197
95316,-120.6663,37.4197
95317,-121.0411,37.4218
95318,-120.7752,37.4273
95319,-120.7758,37.539
95320,-120.5251,37.1391
95321,-119.8147,37.6754
95322,-120.9005,37.6382
95323,-121.0006,37.7983
95324,-120.1037,37.8298
95325,-121.0047,37.2001
95326,-120.7011,37.6156
95327,-120.8723,37.4002
95328,-120.2793,37.4676
95329,-120.8627,37.5964
95330,-120.4717,37.8906
95333,-120.9148,37.5591
95334,-120.3851,37.6899
95335,-121.2827,37.8209
95336,-120.2667,37.2496
95337,-120.7252,37.3763
95338,-120.0526,38.2262
95340,-121.2132,37.8134
95341,-121.2344,37.7808
95343,-119.9219,37.4931
95344,-120.4649,37.2983
95345,-120.5144,37.2308
95346,-120.48,37.3082
95347,-120.48,37.3082
95348,-119.9601,37.5757
95350,-120.1794,38.0675
95351,-120.2988,37.8108
95352,-120.508,37.3302
95353,-121.0113,37.6746
95354,-120.9966,37.6236
95355,-121.0191,37.6566
95356,-120.9999,37.6424
95357,-120.9749,37.6409
95358,-120.9482,37.6717
95360,-121.0252,37.7005
95361,-120.8817,37.6693
95363,-121.0438,37.6237
95364,-121.0805,37.3097
95365,-120.8377,37.7741
95366,-121.1648,37.4826
95367,-119.9242,38.3398
95368,-120.3124,37.3585
95369,-121.1284,37.7491
95370,-120.942,37.7298
95372,-121.0864,37.7083
95373,-120.378,37.5354
95374,-120.3368,37.9957
95375,-120.2624,37.9926
95376,-120.3108,37.9666
95377,-120.8764,37.3283
95378,-120.0101,38.2042
95379,-121.4345,37.7383
95380,-121.4955,37.6567
95381,-121.433,37.6761
95382,-120.2357,37.9678
95383,-120.8535,37.4888
95385,-120.8428,37.4994
95386,-120.8517,37.5239
95387,-120.2178,38.0454
95388,-121.2581,37.6176
95389,-120.7292,37.652
95391,-121.2255,37.5452
95397,-120.6045,37.4014
95401,-119.6489,37.7314
95402,-121.5397,37.7695
95403,-121.0191,37.6566
95404,-122.7547,38.4432
95405,-122.7096,38.4399
95406,-122.7473,38.4822
95407,-122.6878,38.4534
95409,-122.6727,38.4386
95410,-122.7096,38.4399
95412,-122.7339,38.4089
95415,-122.6393,38.4592
95416,-123.72,39.2131
95417,-123.3539,38.7026
95418,-123.3856,39.0197
95419,-122.4843,38.3141
95420,-123.5527,39.6949
95421,-123.2154,39.2214
95422,-122.9485,38.425
95423,-123.7944,39.3629
95424,-123.1965,38.5918
95425,-122.636,38.9576
95426,-122.6558,39.0664
95427,-122.65,38.9666
95428,-123.0074,38.7931
95429,-122.7132,38.8155
95430,-123.5873,39.2767
95431,-123.0585,39.82
95432,-123.3372,39.7043
95433,-123.0057,38.3929
95435,-122.5055,38.3348
95436,-123.7219,39.1593
95437,-122.4867,38.2993
95439,-122.9009,38.9639
95441,-122.9042,38.4923
95442,-123.7703,39.4402
95443,-122.7761,38.4947
95444,-122.8834,38.7173
95445,-122.5196,38.3662
95446,-122.5343,38.9454
95448,-122.8676,38.4335
95449,-123.5399,38.8251
95450,-122.9965,38.5055
95451,-122.862,38.6184
95452,-123.0703,38.938
95453,-123.1974,38.4987
95454,-122.7777,38.9421
95456,-122.5547,38.4168
95457,-122.9328,39.047
95458,-123.4929,39.6627
95459,-123.761,39.2639
95460,-122.5914,38.8915
95461,-122.7846,39.0783
95462,-123.6523,39.0097
95463,-123.7739,39.3173
95464,-122.6487,38.7824
95465,-123.0172,38.4706
95466,-123.5268,39.185
95467,-122.8315,39.1194
95468,-122.9954,38.4087
95469,-123.5484,39.0933
95470,-122.5407,38.8036
95471,-123.6,38.9152
95472,-123.0647,39.3932
95473,-123.2243,39.2779
95476,-123.0331,38.4905
95480,-122.8433,38.3941
95481,-122.8227,38.4022
95482,-122.4696,38.2849
95485,-123.3478,38.7082
95486,-123.1658,39.1269
95487,-123.1951,39.1552
95488,-122.9144,39.1804
95490,-123.0242,38.4741
95492,-122.4375,38.2725
95493,-123.7686,39.6843
95494,-123.3679,39.4493
95497,-122.8073,38.5443
95501,-122.971,39.1821
95502,-123.2973,38.9235
95503,-123.4675,38.7256
95511,-124.1573,40.7938
95514,-124.1737,40.7965
95518,-124.1593,40.7592
95519,-123.6192,40.1676
95521,-123.6576,40.2987
95524,-124.0856,40.8685
95525,-124.0834,40.9465
95526,-124.0765,40.8742
95527,-124.0552,40.8266
95528,-123.8913,40.9374
95531,-123.5794,40.4298
95532,-123.4113,40.7897
95534,-123.9743,40.507
95536,-124.1332,41.7817
95537,-124.2005,41.7561
95538,-124.1737,40.7965
95540,-124.2514,40.5259
95542,-124.2174,40.7268
95543,-124.166,41.8382
95545,-124.1473,40.5835
95546,-123.7991,40.0864
95547,-123.831,41.9056
95548,-124.0972,40.2421
95549,-123.718,41.1806
95550,-124.0847,40.5485
95551,-124.0387,41.5804
95552,-123.8826,40.6405
95553,-123.8486,40.7775
95554,-124.2251,40.6589
95555,-123.3904,40.3316
95556,-123.8077,40.2397
95558,-123.7945,40.2841
95559,-124.0317,41.3596
95560,-123.5399,41.3115
95562,-124.2271,40.2868
95563,-123.7735,40.2008
95564,-123.8604,40.1225
95565,-124.1102,40.4987
95567,-123.573,40.8558
95568,-124.1936,40.8037
95569,-124.0517,40.4583
95570,-124.1587,41.9404
95571,-123.4634,41.4533
95573,-123.9095,40.3437
95585,-124.1153,41.0966
95587,-123.9024,40.3224
95589,-123.6276,40.9484
95595,-123.6615,39.8481
95601,-123.7552,39.9465
95602,-124.0139,40.0231
95603,-123.3911,40.2147
95604,-120.823,38.4194
95605,-121.0944,38.9829
95606,-121.08,38.9115
95607,-121.067,38.9029
95608,-121.5325,38.5927
95609,-122.2039,38.8065
95610,-122.0912,38.7209
95611,-121.3287,38.6284
95612,-121.3272,38.6257
95613,-121.2692,38.6946
95614,-121.28,38.7072
95615,-121.5641,38.3945
95616,-120.8891,38.8
95617,-120.9802,38.8923
95618,-121.563,38.3137
95619,-121.7418,38.5538
95620,-121.7253,38.5494
95621,-121.6676,38.5462
95623,-120.8145,38.6865
95624,-121.8088,38.4403
95625,-121.3075,38.6952
95626,-120.8498,38.633
95627,-121.3599,38.4232
95628,-122.0168,38.43
95629,-121.4497,38.7233
95630,-122.0152,38.7061
95631,-121.2611,38.6554
95632,-120.6763,38.5234
95633,-121.1529,38.6709
95634,-120.7224,39.0682
95635,-121.3,38.2691
95636,-120.8567,38.8665
95637,-120.7599,38.9185
95638,-120.9001,38.9143
95639,-120.5098,38.6489
95640,-122.2036,38.8407
95641,-121.1729,38.3119
95642,-121.5143,38.3702
95644,-120.9418,38.3324
95645,-121.6066,38.157
95646,-120.7573,38.3545
95648,-120.5294,38.456
95650,-121.7334,38.8517
95651,-120.0736,38.6918
95652,-121.2908,38.8942
95653,-121.1698,38.8071
95654,-120.9238,38.8278
95655,-121.3955,38.6621
95656,-121.3981,38.6599
95658,-121.9721,38.6802
95659,-120.7752,38.3515
95660,-121.291,38.5579
95661,-120.7304,38.55
95662,-121.143,38.8763
95663,-121.557,38.8657
95664,-121.3781,38.6707
95665,-121.234,38.7346
95666,-121.2256,38.6845
95667,-121.1791,38.8567
95668,-121.0308,38.8135
95669,-120.6544,38.4049
95670,-120.423,38.5067
95671,-120.8046,38.7195
95672,-121.4982,38.8115
95673,-120.8819,38.4916
95674,-121.2761,38.6072
95675,-121.1694,38.7065
95676,-120.9945,38.7194
95677,-121.4479,38.6895
95678,-121.4773,38.967
95679,-120.743,38.5463
95680,-121.7052,38.8702
95681,-121.2366,38.7877
95682,-121.2867,38.7609
95683,-122.3079,38.8953
95684,-121.5594,38.2386
95685,-121.368,38.9953
95686,-120.9641,38.6465
95687,-121.0964,38.5143
95688,-120.5949,38.5953
95689,-120.7951,38.4175
95690,-121.4236,38.2261
95691,-121.9538,38.3482
95692,-121.9887,38.3847
95693,-120.6017,38.4765
95694,-121.5443,38.2396
95695,-121.5516,38.5673
95696,-121.4235,39.0337
95697,-121.2303,38.3983
95698,-121.9676,38.5322
95699,-121.8052,38.6816
95701,-122.0168,38.43
95703,-121.8066,38.7343
95709,-121.9191,38.8204
95712,-120.8533,38.4411
95713,-120.7531,39.2441
95714,-120.9905,38.9955
95715,-120.6743,38.747
95717,-120.9666,39.143
95720,-120.9549,39.0783
95721,-120.8262,39.1978
95722,-120.611,39.2747
95724,-120.8601,39.171
95726,-120.2569,38.7825
95728,-120.0721,38.8152
95735,-121.0292,39.0031
95736,-120.4317,39.2966
95741,-120.5427,38.7708
95742,-120.4259,39.317
95746,-120.1242,38.8092
95747,-120.9713,39.0375
95757,-121.3016,38.5891
95758,-121.2153,38.5981
95759,-121.1897,38.7435
95762,-121.3372,38.7703
95763,-121.4294,38.4081
95765,-121.437,38.4243
95776,-121.3752,38.407
95798,-121.068,38.685
95799,-121.175,38.678
95811,-121.2677,38.8136
95812,-121.7411,38.6808
95813,-121.5291,38.5805
95814,-121.5715,38.5713
95815,-121.488,38.5762
95816,-121.4943,38.5822
95817,-121.4475,38.6026
95818,-121.4922,38.5804
95819,-121.4443,38.6093
95820,-121.4675,38.5728
95821,-121.4583,38.5498
95822,-121.4929,38.5568
95823,-121.4366,38.5683
95824,-121.4451,38.5347
95825,-121.3837,38.6239
95826,-121.4935,38.5091
95827,-121.4438,38.4797
95828,-121.4419,38.5178
95829,-121.4057,38.5892
95830,-121.3693,38.5539
95831,-121.3286,38.5662
95832,-121.4006,38.4826
95833,-121.344,38.4689
95834,-121.2772,38.4896
95835,-121.5297,38.4962
95836,-121.4883,38.4695
95837,-121.5053,38.6157
95838,-121.5072,38.6383
95840,-121.4834,38.6626
95841,-121.5343,38.7198
95842,-121.603,38.6817
95843,-121.444,38.6406
95851,-121.4933,38.5816
95852,-121.3406,38.6627
95853,-121.3494,38.6865
95860,-121.3648,38.7159
95864,-121.4475,38.6026
95865,-121.4475,38.6026
95866,-121.4475,38.6026
95867,-121.3799,38.6105
95894,-121.3769,38.5878
95899,-121.3978,38.596
95901,-121.3978,38.596
95903,-121.4933,38.5816
95910,-121.4933,38.5816
95912,-121.5549,38.5383
95913,-121.5105,39.1663
95914,-121.3604,39.1115
95915,-120.8483,39.4826
95916,-122.0274,39.0138
95917,-122.1927,39.6197
95918,-121.3653,39.423
95919,-121.3144,39.9324
95920,-121.3689,39.6776
95922,-121.7189,39.4162
95923,-121.3303,39.2882
95924,-121.2612,39.4525
95925,-121.9515,39.4568
95926,-121.0098,39.482
95927,-121.1496,40.1828
95928,-121.02,39.1988
95929,-121.1936,39.4685
95930,-121.8444,39.7458
95932,-121.9398,39.8117
95934,-121.8113,39.7224
95935,-121.8414,39.7301
95936,-121.1675,39.5302
95937,-122.0277,39.2345
95938,-120.9248,40.0673
95939,-121.2256,39.3662
95940,-120.8344,39.569
95941,-121.9992,38.887
95942,-121.7886,39.633
95943,-122.6124,39.5306
95944,-121.2669,39.622
95945,-121.2423,39.521
95946,-121.5827,39.9917
95947,-122.0384,39.6069
95948,-120.8171,39.5299
95949,-121.0069,39.2081
95950,-121.2026,39.2019
95951,-120.9014,40.1699
95953,-121.7137,39.3532
95954,-121.0938,39.1193
95955,-121.8927,39.0744
95956,-122.0085,39.7386
95957,-121.6923,39.2601
95958,-121.58,39.8912
95959,-122.1849,39.3163
95960,-121.0298,39.8991
95961,-121.8061,39.052
95962,-121.7644,39.5522
95963,-120.9717,39.3017
95965,-121.0891,39.3765
95966,-121.5497,39.0861
95967,-121.2663,39.3459
95968,-122.2534,39.7314
95969,-121.5751,39.6054
95970,-121.4698,39.4877
95971,-121.6551,39.7155
95972,-121.5454,39.4361
95973,-121.6069,39.7555
95974,-122.0519,39.4168
95975,-120.9698,39.9284
95976,-121.3252,39.4256
95977,-121.8673,39.8032
95978,-121.748,39.4959
95979,-121.1509,39.2286
95980,-121.8331,39.7346
95981,-121.2807,39.1948
95982,-121.5269,39.9077
95983,-122.5393,39.3176
95984,-121.3222,39.9175
95986,-121.045,39.687
95987,-121.7758,39.1779
95988,-120.7353,40.0357
95991,-121.1268,40.0509
95992,-120.8,39.3569
95993,-122.2162,39.1337
96001,-122.2597,39.5353
96002,-121.6202,39.1051
96003,-121.6116,39.023
96006,-121.6611,39.1237
96007,-122.4116,40.5605
96008,-122.3339,40.5486
96009,-122.353,40.6278
96010,-120.9432,41.2175
96011,-122.3282,40.4574
96013,-122.0724,40.7409
96014,-121.1286,41.1315
96015,-123.229,40.748
96016,-121.825,40.9749
96017,-121.655,40.8949
96019,-122.764,41.3833
96020,-120.9218,41.4664
96021,-121.5677,40.9337
96022,-122.3161,41.1103
96023,-122.3683,40.6969
96024,-121.2273,40.2975
96025,-122.196,39.9296
96027,-122.3375,40.3691
96028,-121.9739,41.9194
96029,-122.9239,40.6342
96031,-122.2734,41.2124
96032,-123.01,41.4463
96033,-121.4606,41.0393
96034,-122.4918,39.9024
96035,-123.2363,41.2191
96037,-122.8832,41.617
96038,-122.6229,40.7035
96039,-122.5371,41.5105
96040,-122.1649,40.043
96041,-122.9366,41.5403
96044,-122.5258,41.6125
96046,-123.388,41.8018
96047,-121.4637,40.7677
96048,-123.1634,40.5504
96049,-122.5265,41.9077
96050,-123.4488,40.6137
96051,-122.654,40.4318
96052,-123.0718,40.7411
96054,-122.3116,40.7098
96055,-122.8197,41.8637
96056,-122.4106,40.9105
96057,-122.8426,40.746
96058,-121.2156,41.2347
96059,-122.0992,40.0497
96061,-121.4368,41.0968
96062,-122.1128,41.2475
96063,-121.9445,41.883
96064,-121.8365,40.4331
96065,-121.5035,40.3439
96067,-122.1111,40.5653
96068,-121.571,40.3564
96069,-122.4638,41.7243
96070,-121.9233,40.9124
96071,-122.324,41.3174
96073,-121.1342,41.13
96074,-122.0409,40.6863
96075,-122.1944,40.7352
96076,-121.4585,40.6256
96078,-122.2398,40.5767
96079,-122.5814,39.8772
96080,-121.765,40.3514
96084,-122.937,40.376
96085,-122.2041,40.1252
96086,-122.3348,40.6866
96087,-122.2383,40.1795
96088,-122.1711,40.7629
96089,-122.9882,41.7736
96090,-123.2438,41.8866
96091,-122.4968,40.6109
96092,-121.8857,40.505
96093,-122.4273,40.6579
96094,-122.1186,40.0214
96095,-122.7239,41.0615
96096,-122.025,39.9272
96097,-122.9353,40.7317
96099,-122.4086,41.6661
96101,-122.1944,40.7352
96103,-121.8771,40.6526
96104,-122.6376,41.7206
96105,-122.3878,40.7043
96106,-120.5456,41.4767
96107,-120.6405,39.8127
96108,-120.1516,41.4759
96109,-120.1752,39.8057
96110,-120.5951,39.7546
96111,-119.4828,38.5029
96112,-120.7277,41.5905
96113,-120.1077,40.0008
96114,-120.7277,41.5905
96115,-120.0212,39.3928
96116,-120.162,41.8644
96117,-120.1713,40.1485
96118,-120.5098,40.2963
96119,-120.1814,41.6682
96120,-120.5079,41.2329
96121,-120.4092,40.4073
96122,-120.2297,39.663
96123,-120.5548,40.9766
96124,-119.8327,38.7713
96125,-120.3895,40.1828
96126,-120.5422,39.8005
96127,-120.16,40.8317
96128,-120.4046,39.6139
96129,-120.6269,39.5936
96130,-120.3711,39.5825
96132,-120.6641,40.4461
96133,-120.4068,40.3509
96134,-120.4051,39.7721
96135,-120.6464,40.3983
96136,-120.613,40.9509
96137,-119.5122,38.6415
96140,-121.4347,41.9316
96141,-120.7986,40.0235
96142,-120.2824,40.3406
96143,-121.0226,40.3038
96145,-120.0753,39.2319
96146,-120.1734,39.0786
96148,-120.1357,39.0644
96150,-120.0233,39.2401
96151,-120.1445,39.1806
96152,-120.1954,39.1752
96154,-120.0521,39.2448
96155,-119.9865,38.917
96156,-119.995,38.9039
96157,-119.999,38.9271
96158,-120.0188,38.8753
96160,-120.043,38.8449
96161,-119.9676,38.9352
96162,-119.9767,38.9344
